ngay_cong_bo,quy,ma_co_phieu,so_co_phieu,ty_trong_pct
2026-10-01,VNM,BAF,2223260,0.55
2026-10-01,VNM,BVH,1278796,0.76
2026-10-01,VNM,CEO,59,0.0
2026-10-01,VNM,DCM,1682900,0.45
2026-10-01,VNM,DGC,2263932,0.64
2026-10-01,VNM,DIG,5144947,0.39
2026-10-01,VNM,DPM,3062486,0.55
2026-10-01,VNM,DXG,5376314,0.44
2026-10-01,VNM,EIB,7156229,0.95
2026-10-01,VNM,FPT,5246400,2.63
2026-10-01,VNM,FTS,2827427,0.43
2026-10-01,VNM,FUEVFVND,62610,0.02
2026-10-01,VNM,GEE,2036300,1.16
2026-10-01,VNM,GEX,7627200,1.45
2026-10-01,VNM,HAG,7891300,0.93
2026-10-01,VNM,HDG,11,0.0
2026-10-01,VNM,HPG,30200598,4.84
2026-10-01,VNM,HSG,4919811,0.39
2026-10-01,VNM,HUT,6651600,0.66
2026-10-01,VNM,HVN,3297600,0.55
2026-10-01,VNM,IDC,1880287,0.5
2026-10-01,VNM,KBC,5240100,1.06
2026-10-01,VNM,KDC,1391536,0.56
2026-10-01,VNM,KDH,3865372,0.47
2026-10-01,VNM,MCH,5369600,5.96
2026-10-01,VNM,MSB,11408340,1.29
2026-10-01,VNM,MSN,11221376,6.35
2026-10-01,VNM,NAB,7909800,0.78
2026-10-01,VNM,NVL,14320527,1.19
2026-10-01,VNM,PDR,5684062,0.51
2026-10-01,VNM,POW,8128447,0.84
2026-10-01,VNM,PVD,5039567,0.74
2026-10-01,VNM,PVS,2683088,0.73
2026-10-01,VNM,SAB,1699000,0.59
2026-10-01,VNM,SBT,6123871,1.1
2026-10-01,VNM,SHB,18406531,1.67
2026-10-01,VNM,SHS,4766224,0.51
2026-10-01,VNM,SIP,1507820,0.59
2026-10-01,VNM,SSB,13173400,1.87
2026-10-01,VNM,SSI,23061591,3.71
2026-10-01,VNM,STB,4745600,2.66
2026-10-01,VNM,TCH,5449470,0.49
2026-10-01,VNM,TCX,8821380,2.01
2026-10-01,VNM,VCB,11069901,5.09
2026-10-01,VNM,VCG,4347476,0.47
2026-10-01,VNM,VCI,12670087,1.97
2026-10-01,VNM,VCK,17096900,3.8
2026-10-01,VNM,VHC,1248660,0.5
2026-10-01,VNM,VHM,14679534,8.02
2026-10-01,VNM,VIC,4272998,7.51
2026-10-01,VNM,VIX,29994079,2.91
2026-10-01,VNM,VJC,2445262,2.53
2026-10-01,VNM,VND,14924025,1.63
2026-10-01,VNM,VNM,11629041,5.44
2026-10-01,VNM,VPI,1818907,0.85
2026-10-01,VNM,VPL,4276500,2.68
2026-10-01,VNM,VPX,4968200,1.01
2026-10-01,VNM,VRE,11740622,2.26
2026-10-01,VNAM,ACB,329300,0.79
2026-10-01,VNAM,BID,256273,1.03
2026-10-01,VNAM,BMP,30100,0.49
2026-10-01,VNAM,BSR,296000,1.05
2026-10-01,VNAM,CII,265600,0.37
2026-10-01,VNAM,CTG,382260,1.3
2026-10-01,VNAM,DCM,123300,0.47
2026-10-01,VNAM,DGC,148680,0.59
2026-10-01,VNAM,DIG,387873,0.42
2026-10-01,VNAM,DMX,107200,0.93
2026-10-01,VNAM,DPM,233126,0.59
2026-10-01,VNAM,DXG,511584,0.59
2026-10-01,VNAM,EIB,415947,0.78
2026-10-01,VNAM,FPT,545930,3.87
2026-10-01,VNAM,FRT,65732,1.09
2026-10-01,VNAM,FTS,173272,0.37
2026-10-01,VNAM,GAS,81975,0.76
2026-10-01,VNAM,GEE,72300,0.58
2026-10-01,VNAM,GEX,432186,1.16
2026-10-01,VNAM,GMD,86300,0.77
2026-10-01,VNAM,HAG,460800,0.77
2026-10-01,VNAM,HCM,464300,1.24
2026-10-01,VNAM,HDB,464300,1.47
2026-10-01,VNAM,HPG,2405753,5.45
2026-10-01,VNAM,HSG,400139,0.45
2026-10-01,VNAM,HUT,431940,0.61
2026-10-01,VNAM,IDC,171656,0.65
2026-10-01,VNAM,KBC,329900,0.95
2026-10-01,VNAM,KDC,117073,0.67
2026-10-01,VNAM,KDH,410819,0.7
2026-10-01,VNAM,MBS,291450,0.51
2026-10-01,VNAM,MCH,113300,1.78
2026-10-01,VNAM,MSB,365700,0.59
2026-10-01,VNAM,MSN,416320,3.33
2026-10-01,VNAM,NAB,523230,0.73
2026-10-01,VNAM,NVL,806077,0.95
2026-10-01,VNAM,PC1,228773,0.52
2026-10-01,VNAM,PDR,409314,0.52
2026-10-01,VNAM,POW,526653,0.77
2026-10-01,VNAM,PVD,357103,0.74
2026-10-01,VNAM,PVS,220569,0.85
2026-10-01,VNAM,PVT,242681,0.65
2026-10-01,VNAM,SAB,120500,0.59
2026-10-01,VNAM,SBT,292695,0.75
2026-10-01,VNAM,SHB,1019795,1.31
2026-10-01,VNAM,SHS,369601,0.56
2026-10-01,VNAM,SIP,106099,0.59
2026-10-01,VNAM,SSB,349100,0.7
2026-10-01,VNAM,SSI,1162862,2.65
2026-10-01,VNAM,STB,345300,2.74
2026-10-01,VNAM,TAL,159700,0.41
2026-10-01,VNAM,TCH,432774,0.55
2026-10-01,VNAM,TCX,240096,0.77
2026-10-01,VNAM,TPB,430692,0.59
2026-10-01,VNAM,VCB,504349,3.28
2026-10-01,VNAM,VCG,302895,0.47
2026-10-01,VNAM,VCI,458930,1.01
2026-10-01,VNAM,VCK,251080,0.79
2026-10-01,VNAM,VHC,85380,0.48
2026-10-01,VNAM,VHM,36100,0.28
2026-10-01,VNAM,VIC,968700,24.08
2026-10-01,VNAM,VIX,1618913,2.22
2026-10-01,VNAM,VJC,147640,2.16
2026-10-01,VNAM,VND,745850,1.16
2026-10-01,VNAM,VNM,442900,2.93
2026-10-01,VNAM,VPB,954004,2.51
2026-10-01,VNAM,VPI,117330,0.77
2026-10-01,VNAM,VPX,289800,0.83
2026-10-01,VNAM,VRE,600000,1.64
2026-10-01,KPHO,ACB,534700,3.86
2026-10-01,KPHO,AGG,10350,0.03
2026-10-01,KPHO,ANV,21500,0.12
2026-10-01,KPHO,BID,325249,3.94
2026-10-01,KPHO,CSV,28200,0.19
2026-10-01,KPHO,CTG,378800,3.89
2026-10-01,KPHO,DBC,146180,0.75
2026-10-01,KPHO,DHC,55420,0.74
2026-10-01,KPHO,DPR,9300,0.12
2026-10-01,KPHO,DSC,11900,0.04
2026-10-01,KPHO,ELC,78177,0.33
2026-10-01,KPHO,FPT,184140,3.95
2026-10-01,KPHO,GMD,75700,2.03
2026-10-01,KPHO,HAH,50700,0.89
2026-10-01,KPHO,HDB,869365,8.33
2026-10-01,KPHO,HDC,40000,0.15
2026-10-01,KPHO,HDG,125930,0.66
2026-10-01,KPHO,HPG,521740,3.58
2026-10-01,KPHO,IMP,7700,0.1
2026-10-01,KPHO,KDH,239700,1.24
2026-10-01,KPHO,LIX,11800,0.1
2026-10-01,KPHO,MSB,769700,3.74
2026-10-01,KPHO,NAB,833680,3.52
2026-10-01,KPHO,PAN,86000,0.54
2026-10-01,KPHO,PTB,15700,0.16
2026-10-01,KPHO,PVT,228520,1.86
2026-10-01,KPHO,SHB,1015520,3.94
2026-10-01,KPHO,SSB,273300,1.66
2026-10-01,KPHO,TLG,26690,0.49
2026-10-01,KPHO,TPB,905280,3.74
2026-10-01,KPHO,TVS,19000,0.1
2026-10-01,KPHO,VCB,402100,7.92
2026-10-01,KPHO,VCI,468130,3.12
2026-10-01,KPHO,VIX,556375,2.31
2026-10-01,KPHO,VPB,1111808,8.86
2026-10-01,KPHO,YEG,121807,0.32
2026-10-02,Fubon,ACB,13645000,3.371
2026-10-02,Fubon,BID,5382277,2.193
2026-10-02,Fubon,BSR,3086295,1.1
2026-10-02,Fubon,BVH,1155500,1.026
2026-10-02,Fubon,CTG,8919000,3.107
2026-10-02,Fubon,FPT,7195300,5.232
2026-10-02,Fubon,HDB,10590000,3.528
2026-10-02,Fubon,HPG,32418894,7.611
2026-10-02,Fubon,MBB,10446000,2.336
2026-10-02,Fubon,MCH,3070000,5.004
2026-10-02,Fubon,MSN,5803396,4.804
2026-10-02,Fubon,PLX,754900,0.316
2026-10-02,Fubon,POW,6579610,0.978
2026-10-02,Fubon,SAB,1045778,0.52
2026-10-02,Fubon,SHB,14614301,1.908
2026-10-02,Fubon,SSI,17140982,3.954
2026-10-02,Fubon,STB,4431700,3.55
2026-10-02,Fubon,TCB,6963000,2.63
2026-10-02,Fubon,TCX,3467960,1.133
2026-10-02,Fubon,VCB,6674919,4.463
2026-10-02,Fubon,VCK,9921000,3.183
2026-10-02,Fubon,VHM,12523568,9.957
2026-10-02,Fubon,VIC,3706550,9.722
2026-10-02,Fubon,VJC,1808198,2.74
2026-10-02,Fubon,VNM,5579100,3.743
2026-10-02,Fubon,VPB,23507914,6.304
2026-10-02,Fubon,VPL,1998000,1.846
2026-10-02,Fubon,VPX,2944000,0.834
2026-10-02,Fubon,VRE,6981180,1.929
