quy,ngay_cong_bo,ma_co_phieu,ty_trong_pct
VEIL,2026-08-30,ACB,3.5
VEIL,2026-08-30,BID,6.6
VEIL,2026-08-30,CTG,3.8
VEIL,2026-08-30,HPG,3.7
VEIL,2026-08-30,MWG,7.0
VEIL,2026-08-30,TCB,4.1
VEIL,2026-08-30,VCB,6.3
VEIL,2026-08-30,VHM,4.5
VEIL,2026-08-30,VIC,11.2
VEIL,2026-08-30,VPB,4.8
Tianhong,2026-06-30,ACB,3.97
Tianhong,2026-06-30,CTG,2.43
Tianhong,2026-06-30,FPT,6.39
Tianhong,2026-06-30,HDB,3.67
Tianhong,2026-06-30,HPG,8.65
Tianhong,2026-06-30,LPB,2.3
Tianhong,2026-06-30,MBB,5.99
Tianhong,2026-06-30,MSN,4.35
Tianhong,2026-06-30,MWG,6.44
Tianhong,2026-06-30,NLG,1.91
Tianhong,2026-06-30,SSI,2.28
Tianhong,2026-06-30,STB,6.37
Tianhong,2026-06-30,TCB,5.51
Tianhong,2026-06-30,VCB,2.94
Tianhong,2026-06-30,VHM,5.55
Tianhong,2026-06-30,VIC,7.81
Tianhong,2026-06-30,VJC,2.41
Tianhong,2026-06-30,VNM,2.47
Tianhong,2026-06-30,VPB,4.74
Tianhong,2026-06-30,VRE,1.74
