ngay_cong_bo,quy,ma_co_phieu,ty_trong_pct
2026-09-09,EVESG,BID,3.99
2026-09-09,EVESG,CTG,3.54
2026-09-09,EVESG,HPG,2.71
2026-09-09,EVESG,MBB,3.18
2026-09-09,EVESG,STB,3.62
2026-09-09,EVESG,TCB,3.14
2026-09-09,EVESG,VCB,8.86
2026-09-09,EVESG,VHM,7.58
2026-09-09,EVESG,VIC,19.52
2026-09-09,EVESG,VPB,2.95
2026-09-09,UVDIF,VIC,5.44
2026-09-10,BVFED,ACB,5.76
2026-09-10,BVFED,FPT,6.37
2026-09-10,BVFED,HDB,5.02
2026-09-10,BVFED,HPG,9.83
2026-09-10,BVFED,LPB,3.16
2026-09-10,BVFED,MBB,4.94
2026-09-10,BVFED,MWG,4.18
2026-09-10,BVFED,SHB,4.46
2026-09-10,BVFED,TCB,5.12
2026-09-10,BVFED,VPB,5.71
2026-09-10,MBVF,ACB,12.51
2026-09-10,MBVF,CTG,3.71
2026-09-10,MBVF,HPG,3.25
2026-09-10,MBVF,QNS,3.05
2026-09-10,MBVF,QTP,3.78
2026-09-10,MBVF,TCB,10.45
2026-09-10,MBVF,TCI,3.17
2026-09-10,MBVF,TPB,4.75
2026-09-10,MBVF,VIB,4.76
2026-09-09,VCAMBF,ABB,2.79
2026-09-09,VCAMBF,ACB,4.9
2026-09-09,VCAMBF,HPG,2.97
2026-09-09,VCAMBF,MBB,4.71
2026-09-09,VCAMBF,POW,2.03
2026-09-09,VCAMBF,STB,4.22
2026-09-09,VCAMBF,TCB,2.59
2026-09-09,VCAMBF,VCB,2.61
2026-09-09,VCAMBF,VIC,2.2
2026-09-09,VCAMBF,VPB,3.02
2026-09-09,BMFF,ACB,12.44
2026-09-09,BMFF,CTG,3.62
2026-09-09,BMFF,HPG,3.58
2026-09-09,BMFF,PVT,3.18
2026-09-09,BMFF,QNS,3.11
2026-09-09,BMFF,TCB,8.42
2026-09-09,BMFF,TCI,3.07
2026-09-09,BMFF,TPB,4.54
2026-09-09,BMFF,VIB,5.52
2026-10-05,BMFF,ACB,11.72
2026-10-05,BMFF,CTG,3.35
2026-10-05,BMFF,HPG,3.38
2026-10-05,BMFF,QNS,3.34
2026-10-05,BMFF,TCB,8.25
2026-10-05,BMFF,TCI,3.23
2026-10-05,BMFF,TPB,4.63
2026-10-05,BMFF,VIB,5.58
2026-09-10,MAFBAL,CTG,2.68
2026-09-10,MAFBAL,HDB,2.24
2026-09-10,MAFBAL,HPG,2.09
2026-09-10,MAFBAL,MBB,2.24
2026-09-10,MAFBAL,MWG,3.38
2026-09-10,MAFBAL,VCB,3.74
2026-09-10,MAFBAL,VHM,3.11
2026-09-09,ENF,ACB,0.45
2026-09-09,ENF,BID,0.54
2026-09-09,ENF,CTG,0.66
2026-09-09,ENF,HPG,0.51
2026-09-09,ENF,MBB,0.63
2026-09-09,ENF,STB,0.94
2026-09-09,ENF,VCB,1.56
2026-09-09,ENF,VCI,0.52
2026-09-09,ENF,VHM,1.89
2026-09-09,ENF,VIC,2.51
2026-09-09,TBLF,BWE,1.26
2026-09-09,TBLF,DPR,2.22
2026-09-09,TBLF,DRI,4.98
2026-09-09,TBLF,FMC,4.1
2026-09-09,TBLF,FPT,3.28
2026-09-09,TBLF,HPA,0.02
2026-09-09,TBLF,MWG,2.24
2026-09-09,TBLF,SIP,1.07
2026-09-09,TBLF,TLG,4.81
2026-09-09,TBLF,VIP,4.09
2026-09-09,VCBF-TBF,CTG,3.39
2026-09-09,VCBF-TBF,FPT,3.05
2026-09-09,VCBF-TBF,HPG,3.23
2026-09-09,VCBF-TBF,MBB,5.47
2026-09-09,VCBF-TBF,MSN,3.51
2026-09-09,VCBF-TBF,MWG,3.9
2026-09-09,VCBF-TBF,TCB,2.56
2026-09-10,MDI,DGW,1.83
2026-09-10,MDI,HDB,2.25
2026-09-10,MDI,HPG,2.21
2026-09-10,MDI,MBB,2.31
2026-09-10,MDI,MSN,2.05
2026-09-10,MDI,MWG,3.5
2026-09-10,MDI,TCB,1.82
2026-09-10,MDI,VCB,4.5
2026-09-10,MDI,VHM,3.47
2026-09-10,MDI,VIC,2.59
2026-09-09,VIBF,DGW,2.41
2026-09-09,VIBF,HPG,3.74
2026-09-09,VIBF,MBB,3.74
2026-09-09,VIBF,MWG,2.56
2026-09-09,VIBF,TCB,2.64
2026-09-09,VIBF,VCB,5.01
2026-09-10,SSI-EF,HDB,3.46
2026-09-10,SSI-EF,HPG,3.19
2026-09-10,SSI-EF,MBB,3.26
2026-09-10,SSI-EF,TCB,3.26
2026-09-10,SSI-EF,VCB,3.88
2026-09-10,SSI-EF,VHM,3.82
2026-09-10,SSI-EF,VIC,4.31
2026-09-10,SSI-EF,VPB,3.68
2026-09-11,MAFEQI,CTG,5.02
2026-09-11,MAFEQI,FPT,3.37
2026-09-11,MAFEQI,HDB,4.53
2026-09-11,MAFEQI,HPG,4.65
2026-09-11,MAFEQI,MBB,4.34
2026-09-11,MAFEQI,MWG,6.1
2026-09-11,MAFEQI,TCB,3.51
2026-09-11,MAFEQI,VCB,8.49
2026-09-11,MAFEQI,VHM,5.08
2026-09-11,MAFEQI,VIC,12.07
2026-09-09,UVEEF,CTG,4.31
2026-09-09,UVEEF,HDB,3.69
2026-09-09,UVEEF,HPG,4.32
2026-09-09,UVEEF,MBB,4.34
2026-09-09,UVEEF,MWG,3.44
2026-09-09,UVEEF,STB,2.87
2026-09-09,UVEEF,TCB,4.3
2026-09-09,UVEEF,VCB,5.71
2026-09-09,UVEEF,VHM,6.68
2026-09-09,UVEEF,VIC,20.3
2026-09-09,PHVSF,ACB,4.79
2026-09-09,PHVSF,CTG,4.97
2026-09-09,PHVSF,HPG,4.8
2026-09-09,PHVSF,MBB,4.75
2026-09-09,PHVSF,MSN,3.95
2026-09-09,PHVSF,TCB,3.85
2026-09-09,PHVSF,VCB,4.31
2026-09-09,PHVSF,VHM,3.98
2026-09-09,PHVSF,VNM,4.32
2026-09-09,PHVSF,VPB,5.26
2026-09-09,MAGEF,CTG,5.24
2026-09-09,MAGEF,HPG,10.07
2026-09-09,MAGEF,MBB,4.97
2026-09-09,MAGEF,MSN,4.12
2026-09-09,MAGEF,MWG,4.57
2026-09-09,MAGEF,TCB,4.74
2026-09-09,MAGEF,VCB,4.05
2026-09-09,MAGEF,VEA,4.54
2026-09-09,MAGEF,VIC,11.43
2026-09-09,MAGEF,VPB,4.41
2026-09-09,VCBF-AIF,ACB,5.6
2026-09-09,VCBF-AIF,BWE,3.31
2026-09-09,VCBF-AIF,CTG,3.85
2026-09-09,VCBF-AIF,FPT,4.05
2026-09-09,VCBF-AIF,HPG,2.93
2026-09-09,VCBF-AIF,MBB,5.77
2026-09-09,VCBF-AIF,MWG,4.1
2026-09-09,VCBF-AIF,TCB,4.32
2026-09-09,VCBF-AIF,TLG,3.15
2026-09-09,VCBF-AIF,VNM,5.75
2026-09-09,PBIF,BID,4.35
2026-09-09,PBIF,CTD,4.66
2026-09-09,PBIF,CTG,4.31
2026-09-09,PBIF,KDH,4.91
2026-09-09,PBIF,MBB,4.97
2026-09-09,PBIF,TCH,4.97
2026-09-09,PBIF,VND,4.78
2026-09-09,VCAMDF,BID,4.32
2026-09-09,VCAMDF,BVB,4.63
2026-09-09,VCAMDF,GVR,9.76
2026-09-09,VCAMDF,PHR,4.32
2026-09-09,VCAMDF,PVS,14.75
2026-09-09,VCAMDF,TCB,4.34
2026-09-09,VCAMDF,TLG,5.31
2026-09-09,VCAMDF,VCB,4.34
2026-09-09,VCAMDF,VGI,4.34
2026-09-09,VCAMDF,VNM,6.3
2026-10-05,VCAMDF,BID,4.4
2026-10-05,VCAMDF,BVH,4.94
2026-10-05,VCAMDF,CTG,4.34
2026-10-05,VCAMDF,HDB,9.12
2026-10-05,VCAMDF,IDC,4.46
2026-10-05,VCAMDF,PHR,4.41
2026-10-05,VCAMDF,TCB,4.42
2026-10-05,VCAMDF,TLG,5.55
2026-10-05,VCAMDF,VCB,4.37
2026-10-05,VCAMDF,VNM,6.27
2026-09-09,ABEF,ABB,5.96
2026-09-09,ABEF,CTG,4.39
2026-09-09,ABEF,FPT,4.6
2026-09-09,ABEF,GMD,4.51
2026-09-09,ABEF,HPG,4.87
2026-09-09,ABEF,MBB,5.06
2026-09-09,ABEF,SSI,4.53
2026-09-09,ABEF,TCB,5.5
2026-09-09,ABEF,VCB,4.96
2026-09-09,ABEF,VPB,5.46
2026-09-09,VDEF,CTG,5.24
2026-09-09,VDEF,DPR,4.46
2026-09-09,VDEF,HDB,7.53
2026-09-09,VDEF,HPG,4.94
2026-09-09,VDEF,MBB,6.45
2026-09-09,VDEF,PHR,7.7
2026-09-09,VDEF,PVI,4.6
2026-09-09,VDEF,REE,4.04
2026-09-09,VDEF,STB,4.64
2026-09-09,VDEF,VCB,6.1
2026-09-09,DCDS,BID,7.67
2026-09-09,DCDS,FPT,2.94
2026-09-09,DCDS,HDB,3.36
2026-09-09,DCDS,HPG,3.75
2026-09-09,DCDS,MBB,2.81
2026-09-09,DCDS,MWG,6.47
2026-09-09,DCDS,TCB,4.56
2026-09-09,DCDS,VHM,5.84
2026-09-09,DCDS,VIC,10.53
2026-09-09,DCDS,VPB,4.71
2026-09-09,VCBF-BCF,ACB,4.28
2026-09-09,VCBF-BCF,BVH,3.13
2026-09-09,VCBF-BCF,CTG,5.74
2026-09-09,VCBF-BCF,FPT,5.08
2026-09-09,VCBF-BCF,HPG,5.73
2026-09-09,VCBF-BCF,MBB,9.16
2026-09-09,VCBF-BCF,MSN,5.85
2026-09-09,VCBF-BCF,MWG,6.03
2026-09-09,VCBF-BCF,TCB,4.16
2026-09-09,VCBF-BCF,VPB,3.59
2026-09-09,DCAF,BSR,4.0
2026-09-09,DCAF,GMD,4.49
2026-09-09,DCAF,HDB,5.76
2026-09-09,DCAF,MBB,4.85
2026-09-09,DCAF,MWG,4.99
2026-09-09,DCAF,SAB,4.82
2026-09-09,DCAF,STB,4.35
2026-09-09,DCAF,VCB,6.07
2026-09-09,DCAF,VNM,3.96
2026-09-09,DCAF,VPB,4.11
2026-09-10,BVPF,ACB,8.96
2026-09-10,BVPF,CTG,4.57
2026-09-10,BVPF,FPT,8.35
2026-09-10,BVPF,MBB,7.29
2026-09-10,BVPF,MWG,4.78
2026-09-10,BVPF,ND2,3.81
2026-09-10,BVPF,QTP,6.1
2026-09-10,BVPF,REE,4.32
2026-09-10,BVPF,TCB,5.69
2026-09-10,BVPF,VIB,4.11
2026-09-10,LHCDF,CTG,4.7
2026-09-10,LHCDF,DBD,10.67
2026-09-10,LHCDF,HHS,3.77
2026-09-10,LHCDF,HPG,4.63
2026-09-10,LHCDF,KDH,3.88
2026-09-10,LHCDF,MBB,3.56
2026-09-10,LHCDF,MWG,4.78
2026-09-10,LHCDF,NAB,16.48
2026-09-10,LHCDF,NTP,3.47
2026-09-10,LHCDF,VIX,4.19
2026-09-09,GDEGF,CTG,3.74
2026-09-09,GDEGF,FPT,4.73
2026-09-09,GDEGF,HHV,4.23
2026-09-09,GDEGF,HPG,8.66
2026-09-09,GDEGF,MBB,6.04
2026-09-09,GDEGF,MSN,4.69
2026-09-09,GDEGF,MWG,4.34
2026-09-09,GDEGF,PHP,9.47
2026-09-09,GDEGF,PVD,3.63
2026-09-09,GDEGF,VNM,4.16
2026-09-10,TCGF,ACB,7.72
2026-09-10,TCGF,BMP,6.17
2026-09-10,TCGF,CTG,13.64
2026-09-10,TCGF,F88,9.59
2026-09-10,TCGF,HDB,7.11
2026-09-10,TCGF,HPG,8.29
2026-09-10,TCGF,MWG,8.95
2026-09-10,TCGF,SHB,4.16
2026-09-10,TCGF,TCB,14.23
2026-09-10,TCGF,TCX,3.48
2026-09-09,KDEF,CTG,3.58
2026-09-09,KDEF,MBB,3.93
2026-09-09,KDEF,MWG,3.0
2026-09-09,KDEF,STB,2.9
2026-09-09,KDEF,TCB,4.28
2026-09-09,KDEF,VCB,5.76
2026-09-09,KDEF,VHM,9.92
2026-09-09,KDEF,VIC,15.34
2026-09-09,KDEF,VNM,2.94
2026-09-09,KDEF,VPB,4.13
2026-09-17,NTPPF,CTD,4.0
2026-09-17,NTPPF,FPT,5.6
2026-09-17,NTPPF,GMD,4.0
2026-09-17,NTPPF,HCM,6.3
2026-09-17,NTPPF,HPG,4.3
2026-09-17,NTPPF,MBB,11.3
2026-09-17,NTPPF,MSN,4.0
2026-09-17,NTPPF,MWG,4.1
2026-09-17,NTPPF,STB,5.2
2026-09-17,NTPPF,TCB,4.6
2026-09-09,SSISCA,CTG,4.41
2026-09-09,SSISCA,HDB,5.86
2026-09-09,SSISCA,HPG,4.67
2026-09-09,SSISCA,MBB,4.41
2026-09-09,SSISCA,MWG,4.73
2026-09-09,SSISCA,TCB,6.24
2026-09-09,SSISCA,VCB,4.64
2026-09-09,SSISCA,VHM,6.73
2026-09-09,SSISCA,VIC,10.67
2026-09-09,SSISCA,VPB,4.21
2026-09-09,VLGF,ACB,5.38
2026-09-09,VLGF,CTG,7.21
2026-09-09,VLGF,FPT,4.41
2026-09-09,VLGF,GMD,4.81
2026-09-09,VLGF,HDB,4.32
2026-09-09,VLGF,MWG,12.23
2026-09-09,VLGF,TCB,4.84
2026-09-09,VLGF,VCB,7.48
2026-09-09,VLGF,VCI,4.59
2026-09-09,VLGF,VHM,4.93
2026-09-09,VCBF-MGF,ACB,5.99
2026-09-09,VCBF-MGF,BVH,4.19
2026-09-09,VCBF-MGF,BWE,4.22
2026-09-09,VCBF-MGF,CTD,4.56
2026-09-09,VCBF-MGF,DGW,5.57
2026-09-09,VCBF-MGF,FPT,5.25
2026-09-09,VCBF-MGF,MBB,8.04
2026-09-09,VCBF-MGF,MWG,5.04
2026-09-09,VCBF-MGF,PNJ,4.66
2026-09-09,VCBF-MGF,PVS,3.66
2026-09-09,VEOF,CTG,6.67
2026-09-09,VEOF,FRT,4.44
2026-09-09,VEOF,HDB,4.71
2026-09-09,VEOF,HPG,5.73
2026-09-09,VEOF,MBB,7.59
2026-09-09,VEOF,MWG,5.54
2026-09-09,VEOF,PHR,4.61
2026-09-09,VEOF,STB,4.7
2026-09-09,VEOF,TCB,3.94
2026-09-09,VEOF,VCB,5.36
2026-09-10,VNDAF,BID,10.51
2026-09-10,VNDAF,EIB,3.67
2026-09-10,VNDAF,FPT,6.73
2026-09-10,VNDAF,MBB,3.93
2026-09-10,VNDAF,NLG,2.84
2026-09-10,VNDAF,NVL,3.8
2026-09-10,VNDAF,TCB,3.96
2026-09-10,VNDAF,VCB,7.6
2026-09-10,VNDAF,VHM,4.89
2026-09-10,VNDAF,VNM,6.68
2026-09-09,VESAF,ACB,3.97
2026-09-09,VESAF,BVH,6.91
2026-09-09,VESAF,CTG,5.44
2026-09-09,VESAF,CTR,4.02
2026-09-09,VESAF,FPT,4.52
2026-09-09,VESAF,HPG,5.8
2026-09-09,VESAF,MBB,5.97
2026-09-09,VESAF,MWG,5.98
2026-09-09,VESAF,TCB,4.68
2026-09-09,VESAF,VCB,5.93
2026-09-09,RVPIF,ACB,6.45
2026-09-09,RVPIF,CTG,5.81
2026-09-09,RVPIF,GEL,3.5
2026-09-09,RVPIF,HPG,4.81
2026-09-09,RVPIF,KBC,4.93
2026-09-09,RVPIF,KDH,4.91
2026-09-09,RVPIF,MSN,4.21
2026-09-09,RVPIF,MWG,5.62
2026-09-09,RVPIF,PVS,3.56
2026-09-09,RVPIF,VCB,5.41
2026-10-05,RVPIF,ACB,6.28
2026-10-05,RVPIF,CTG,5.7
2026-10-05,RVPIF,FPT,3.26
2026-10-05,RVPIF,GEL,3.7
2026-10-05,RVPIF,HPG,4.59
2026-10-05,RVPIF,KBC,4.78
2026-10-05,RVPIF,KDH,4.33
2026-10-05,RVPIF,MSN,4.33
2026-10-05,RVPIF,MWG,5.68
2026-10-05,RVPIF,VCB,5.46
2026-09-09,DCDE,ACB,3.44
2026-09-09,DCDE,BID,5.43
2026-09-09,DCDE,HDB,3.22
2026-09-09,DCDE,HPG,3.77
2026-09-09,DCDE,MBB,3.38
2026-09-09,DCDE,MWG,6.37
2026-09-09,DCDE,TCB,4.77
2026-09-09,DCDE,VCB,3.93
2026-09-09,DCDE,VHM,7.2
2026-09-09,DCDE,VPB,4.1
2026-09-09,VMEEF,ACB,5.54
2026-09-09,VMEEF,CTG,6.59
2026-09-09,VMEEF,FPT,4.66
2026-09-09,VMEEF,HPG,8.95
2026-09-09,VMEEF,MBB,6.59
2026-09-09,VMEEF,MWG,4.5
2026-09-09,VMEEF,NLG,3.74
2026-09-09,VMEEF,TCB,4.78
2026-09-09,VMEEF,TCX,4.04
2026-09-09,VMEEF,VCB,7.53
2026-09-09,AEIF,BID,0.8
2026-09-09,AEIF,CTG,1.08
2026-09-09,AEIF,EIB,17.0
2026-09-09,AEIF,EVF,17.41
2026-09-09,AEIF,FPT,0.91
2026-09-09,AEIF,MSN,0.8
2026-09-09,AEIF,PIV,3.81
2026-09-09,AEIF,TCB,0.81
2026-09-09,AEIF,VCB,1.23
2026-09-09,AEIF,VNM,1.14
2026-09-09,VBIF,BID,0.01
2026-09-09,VBIF,VPB,0.01
2026-09-09,LPLF,BSR,6.63
2026-09-09,LPLF,FPT,5.62
2026-09-09,LPLF,HPG,4.24
2026-09-09,LPLF,MSN,8.08
2026-09-09,LPLF,PVT,4.65
2026-09-09,LPLF,STB,5.07
2026-09-09,LPLF,VCB,4.61
2026-09-09,LPLF,VHM,4.9
2026-09-09,LPLF,VIB,4.3
2026-09-09,LPLF,VIC,5.43
